Boneca Barbie,
Boneco Ken,
Boneca LOL Surprise!,
Figura de Ação Super-Herói ,
Figura de Ação Princesa,
Bonecos Colecionáveis ,
Boneca de Pano,
Bebê Reborn,
Sylvanian Families ,
Polly Pocket,
Hatchimals,
Shopkins,
Cry Babies,
Enchantimals,
Bratz,
My Little Pony Figura,
Transformers,
Ben 10 Figura,
Dragon Ball Z Figura,
Carrinho de Corrida,
Caminhão,
Moto,
Bicicleta de brinquedo,
Avião,
Helicóptero,
Trem Elétrico,
Ambulância de brinquedo,
Carro de Bombeiro (de brinquedo),
Escavadeira (de brinquedo),
Trator (de brinquedo),
Fórmula 1 (de brinquedo),
Hot Wheels,
Matchbox,
Carro de Controle Remoto,
Drones (de brinquedo),
Barco (de brinquedo),
Ônibus (de brinquedo),
Jipe (de brinquedo),
Kart (de brinquedo),
Banco Imobiliário,
War,
Jogo da Vida,
Detetive,
Xadrez,
Dama,
Dominó,
Uno,
Baralho (para jogos diversos),
Quebra-Cabeça (Puzzle),
Ludo,
Gamão,
Cara a Cara,
Imagem & Ação,
Dixit,
Catan,
Ticket to Ride,
Carcassonne,
Kingdomino,
Dobble (Spot It!),
Lego,
Blocos de Montar (tipo Duplo),
Mega Bloks,
Playmobil,
Geomag (blocos magnéticos),
Kapla (tábuas de madeira),
Canudos de Montar,
Varetas e Conectores,
Encaixes de Plástico,
Blocos de Espuma,
Piano (de brinquedo),
Teclado (de brinquedo),
Violão (de brinquedo),
Guitarra (de brinquedo),
Bateria (de brinquedo),
Xilofone (de brinquedo),
Flauta (de brinquedo),
Tambor (de brinquedo),
Pandeiro (de brinquedo),
Chocalho (de brinquedo),
Ábaco,
Blocos Lógicos,
Tangram,
Microscópio (de brinquedo),
Telescópio (de brinquedo),
Kit de Ciências,
Quebra-Cabeças Matemáticos,
Jogos de Memória,
Massinha de Modelar,
Giz de Cera,
Lápis de Cor,
Canetinhas Hidrográficas,
Tinta Guache,
Pincéis,
Tesoura (de pontas arredondadas),
Cola (não tóxica),
Livros de Colorir,
Livros de Atividades,
Jogos de Alfabetização,
Jogos de Números,
Bola de Futebol,
Bola de Basquete,
Bola de Vôlei,
Bola de Tênis,
Raquete de Tênis (de brinquedo),
Peteca,
Bambolê,
Corda de Pular,
Patinete,
Skate (de brinquedo),
Patins (de brinquedo),
Frisbee,
Arco e Flecha (de brinquedo),
Bolha de Sabão,
Balde de Praia,
Pá de Praia,
Rastelo de Praia,
Forminhas de Areia,
Piscina Inflável (pequena),
Boia,
Videogame Portátil,
Tablet Infantil,
Fone de Ouvido Infantil,
Câmera Fotográfica Infantil,
Relógio Inteligente Infantil,
Robô de Brinquedo,
Pista de Carrinhos Elétrica,
Jogos Eletrônicos Educativos,
Karaokê Infantil,
Walkie-Talkie (de brinquedo),
Fantasia,
Máscara,
Dedoches,
Marionete,
Cavalinho de Pau,
Cabana Infantil,
Túnel de Brincar,
Cozinha de Brinquedo,
Ferramentas de Brinquedo,
Carrinho de Bebê (de brinquedo),
Boneca de Cabelo Comprido (para pentear),
Ioiô,
Pião,
Bilboquê,
Cubo Mágico,
Slime,
Pop It,
Fidget Toys (outros tipos),
Livros Interativos,
Fantoches,
Biloca (bolinha de gude),
Pipa (papagaio),
Cinco Marias,
Bambu-Tatá,
Peteca de Palha,
Catavento,
Diabolô,
Vai e Vem,
Estilingue (para brincar com alvos),
Corneta (de brinquedo),
Chocalho,
Mordedor,
Móbile,
Tapete de Atividades,
Cubos de Empilhar,
Livros de Banho,
Brinquedos de Banho,
Centopeia de Pelúcia,
Piano de Chute,
Espelho Seguro para Bebês,
Maleta de Médico (de brinquedo),
Caixa Registradora (de brinquedo),
Microfone (de brinquedo),
Telefone (de brinquedo),
Carrinho de Compras (de brinquedo),
Comidinhas de Brinquedo,
Utensílios de Cozinha,
Fantasia de Profissões,
Teatro de Fantoches,
Maquiagem de Brinquedo,
Bolas Sensoriais (com texturas diferentes),
Garrafas Sensoriais,
Painel Sensorial,
Argila de Modelar,
Areia Cinética,
Água Colorida (para brincar),
Tecidos com Texturas Variadas,
Instrumentos Musicais de Percussão Suaves,
Luzes Coloridas (projetores),
Jogo de Dardos (com pontas seguras),
Boliche (de brinquedo),
Argolas de Encaixe,
Labirinto (de bolinhas),
Jogo da Pescaria,
Torre de Hanói (de brinquedo),
Mikado (varetas),
Dominó Gigante (de espuma),
Jogo de Botões,
Elástico (para pular),
